{
  "best_accuracy": 92.3076923076923,
  "final_train_loss": 0.05719279870390892,
  "final_val_loss": 0.31137024611234665,
  "final_train_acc": 97.05882352941177,
  "final_val_acc": 92.3076923076923,
  "train_losses": [
    0.48048306283141884,
    0.22722225529806955,
    0.24088186025619507,
    0.2154664019388812,
    0.27679976395198275,
    0.15120110980101995,
    0.14414850728852407,
    0.1364773346909455,
    0.12379413257752146,
    0.09026381027485643,
    0.10007475529398237,
    0.07685696523237441,
    0.07782019905114014,
    0.07263061219626772,
    0.06051387586298266,
    0.24252728479249136,
    0.07136404727186475,
    0.12163023118461881,
    0.18723230808973312,
    0.08986231445201806,
    0.08568513233746801,
    0.07161123215960938,
    0.062386288473914774,
    0.0672413951584271,
    0.05602138307793731,
    0.5072867095004767,
    0.06194059274691556,
    0.11786623618432454,
    0.061826366232708097,
    0.05719279870390892
  ],
  "val_losses": [
    4.584376215934753,
    1.828780621290207,
    6.313006184995174,
    0.1700850874185562,
    0.23575134575366974,
    0.20937925577163696,
    0.17405249178409576,
    0.23013736680150032,
    0.38038067519664764,
    0.4994921386241913,
    0.3199640139937401,
    0.6081386655569077,
    0.7411191016435623,
    0.49278058111667633,
    0.5626039355993271,
    1.1934529393911362,
    0.5164062976837158,
    0.7492700964212418,
    0.6615736931562424,
    0.2345798797905445,
    0.21252451464533806,
    0.23309661448001862,
    0.24108200520277023,
    0.23221467435359955,
    0.22416964173316956,
    0.4080694876611233,
    0.30573567003011703,
    0.2611849159002304,
    0.27841556817293167,
    0.31137024611234665
  ],
  "train_accs": [
    87.25490196078431,
    93.13725490196079,
    93.13725490196079,
    93.13725490196079,
    93.13725490196079,
    93.13725490196079,
    93.13725490196079,
    93.13725490196079,
    93.13725490196079,
    93.13725490196079,
    94.11764705882354,
    96.07843137254902,
    96.07843137254902,
    96.07843137254902,
    97.05882352941177,
    96.07843137254902,
    97.05882352941177,
    96.07843137254902,
    96.07843137254902,
    95.09803921568627,
    97.05882352941177,
    97.05882352941177,
    97.05882352941177,
    97.05882352941177,
    96.07843137254902,
    97.05882352941177,
    97.05882352941177,
    96.07843137254902,
    97.05882352941177,
    97.05882352941177
  ],
  "val_accs": [
    92.3076923076923,
    92.3076923076923,
    92.3076923076923,
    92.3076923076923,
    92.3076923076923,
    92.3076923076923,
    92.3076923076923,
    92.3076923076923,
    92.3076923076923,
    92.3076923076923,
    92.3076923076923,
    92.3076923076923,
    92.3076923076923,
    92.3076923076923,
    92.3076923076923,
    92.3076923076923,
    92.3076923076923,
    92.3076923076923,
    92.3076923076923,
    92.3076923076923,
    92.3076923076923,
    92.3076923076923,
    92.3076923076923,
    92.3076923076923,
    92.3076923076923,
    92.3076923076923,
    88.46153846153847,
    88.46153846153847,
    92.3076923076923,
    92.3076923076923
  ]
}